Date,AQI,HCHO,NO2,CO,SO2,AOD,Temperature,DewPoint,Pressure,Wind_U,Wind_V
2023-01-01,252.0,0.0002640992752275244,8.906412404026795e-05,0.038223060062916925,0.000563880719709903,0.776,286.09280014038086,281.5462055206299,99590.96012369792,-0.03710301717122396,-0.3254559834798177
2023-01-02,401.0,,,0.05547579750416317,,,286.033997853597,281.1043275197347,99691.9140625,-0.6055107116699219,-0.2911853790283203
2023-01-03,413.0,,0.0002362713566980257,0.043899681795597265,,,284.5116551717122,280.5093587239583,99774.6328125,1.1371441682179768,-1.445334752400716
2023-01-04,372.0,0.00014032194629085132,0.00012752227547239736,0.04014601558445186,-5.163159982072754e-05,1.461,283.6756947835286,280.1238015492757,99793.05647786458,1.1773347457249959,-1.5932094653447468
2023-01-05,355.0,0.0004393747076390316,0.00010970656876447628,,-0.000751558749470542,,282.18938700358075,279.55131340026855,99893.02099609375,0.9761244058609009,-1.0098463296890259
2023-01-06,412.0,4.680477328929079e-05,0.0002497443390764188,0.043557889759522135,0.000289029551762537,0.725,280.5312042236328,278.3944314320882,99922.16324869792,0.49708449840545654,-0.9197291533152262
2023-01-07,385.0,0.0005486253648994033,0.00018436236132394178,0.03787781670687981,0.0004501022340262268,0.5,282.1454105377197,279.08078638712567,99666.03011067708,1.72460142771403,-1.0448206663131714
2023-01-09,491.0,,,,,0.59,285.03818639119464,281.1910915374756,99556.71272786458,0.6371569236119589,-0.8898109197616577
2023-01-10,420.0,0.00012349328608246885,0.00012059601431241747,0.038820169866068635,,0.406,285.54781341552734,281.3289025624593,99373.24072265625,1.7730696201324463,-1.4781176646550496
2023-01-11,337.0,0.0006048453506079739,0.00047394263674485013,,,0.768,286.4516716003418,282.96842130025226,98955.82014973958,-1.50514554977417,-0.07856241861979167
2023-01-12,372.0,0.0002792969266562604,0.00018446395866655616,0.04685307433189128,0.0003896972944411577,1.4815,288.3451449076335,284.4500420888265,98750.18831380208,-2.677644729614258,1.3950550556182861
2023-01-13,375.0,,,0.05048606917259942,,,287.73183759053546,285.53062438964844,98985.51611328125,-0.346293846766154,-0.40671368439992267
2023-01-14,355.0,0.00021574687707461606,0.00012196783427493145,0.04036364210412213,,0.718,284.7976989746094,278.95082410176593,99236.79557291667,2.6615611712137857,-1.7675355672836304
2023-01-15,217.0,-0.0001193280477309095,9.185115777650689e-05,0.0324382074177128,-8.927135786503503e-05,0.2225,283.0915991465251,274.7150770823161,99102.24479166667,2.5417118072509766,-1.3947560787200928
2023-01-16,274.0,0.0003749961906576806,0.00012975651770824668,0.03888820111749912,0.0014064183924341214,0.766,282.7174154917399,274.98183250427246,99250.02685546875,1.8282949527104695,-1.5122132698694866
2023-01-17,298.0,0.00011281434854022113,0.00010322545858794183,0.031045085268416338,-0.0004069096175952025,0.2575,282.7692216237386,274.7839234670003,99323.44742838542,1.7010587851206462,-1.6871720155080159
2023-01-18,306.0,0.0005219652084631501,0.00020136089005964674,0.04315351517173236,,0.5645,283.37317784627277,276.1310869852702,99476.513671875,1.1421149174372356,-1.5028566519419353
2023-01-19,354.0,0.0003559462182475226,0.0004154868380692109,0.049313772469738136,0.00029330764664324636,0.5,286.64152844746906,280.2179183959961,99412.48128255208,0.22873767217000326,-1.5814841588338215
2023-01-20,244.0,0.0002489693288224628,0.000212336366530418,,-0.00028827751521008936,,287.1296812693278,281.57751019795734,99277.35595703125,-0.12306276957194011,-2.3363184134165444
2023-01-21,324.0,0.00048732111463302625,0.00032643598387935367,,-0.0006902210297991397,1.884,287.197717666626,282.19610595703125,99200.94026692708,-0.013912200927734375,-1.3192488352457683
2023-01-22,447.0,8.093043787179272e-05,0.0004234794920775875,,-0.0005884721309291185,,288.06616910298663,282.5858561197917,99163.25927734375,-1.1987317403157551,-1.4552274942398071
2023-01-23,363.0,0.0002887147513236758,0.00026335891703831724,0.04269923019247254,-0.00018113819843451363,0.913,289.61776542663574,282.5328006744385,99040.02848307292,-0.8396371205647787,-0.6013123194376627
2023-01-24,254.0,,,0.03922966123927278,,,289.6663138071696,286.7135073343913,98969.61669921875,-2.4796854654947915,1.4545358022054036
2023-01-25,160.0,,,0.043248639469618405,,,289.51219749450684,286.2476495107015,99178.55338541667,0.3599433898925781,-1.0583160320917766
2023-01-26,329.0,,,0.0387057924028506,,,286.89185460408527,282.73670323689777,99394.81168619792,2.3000971476236978,-2.085198402404785
2023-01-27,285.0,0.00040906455411037054,9.08939441415875e-05,0.0362789251625374,0.00013683653176264175,0.363,285.89279047648114,278.92275365193683,99330.09765625,2.773909250895182,-1.8001047770182292
2023-01-28,270.0,7.879384793337827e-05,0.00013931194553145837,0.03425111621616823,0.0003652095037976598,0.3765,286.5878219604492,279.85746002197266,98996.9912109375,1.1615645090738933,-0.8313449223836263
2023-01-29,359.0,,,,,,286.77394104003906,284.0078837076823,99058.34944661458,-1.8197339375813801,0.3758017222086589
2023-01-30,222.0,,,,,,286.8168150583903,283.9918619791667,99384.17757161458,-1.3868781725565593,-0.12428855895996094
2023-01-31,209.0,,,0.03199881221994386,,,287.7407817840576,283.36975288391113,99396.42643229167,3.006429354349772,-2.3597244024276733
2023-02-01,201.0,-0.00012484504259186173,5.2912342653121776e-05,0.03268189728258658,-0.000877391779794918,0.3435,287.4845422108968,281.752477645874,99271.30891927083,3.218947728474935,-1.786725362141927
2023-02-02,204.0,0.00036347291961031785,8.100271389584678e-05,,-0.00045912882713922685,0.177,288.3432108561198,281.04081471761066,99195.0107421875,2.9597600301106772,-1.638464371363322
2023-02-03,206.0,0.0001929810733067808,0.00014144615153311783,,0.0011060629325131159,0.3225,288.7041180928548,281.74774106343585,99156.50862630208,2.4527931213378906,-1.1693333387374878
2023-02-04,258.0,0.00011054260723908196,0.00010847060932360356,0.038213830441220335,-0.00048452874211722544,0.371,289.522668838501,281.8472162882487,98923.6171875,2.8916200002034507,-1.4158515930175781
2023-02-05,266.0,0.00011465623538237804,0.00010255989036518469,0.03720853477714872,-0.000353835785062834,0.2595,289.46307436625165,282.6702423095703,98821.10807291667,0.854051947593689,-0.6209116776784261
2023-02-06,278.0,0.00021812185405825158,0.00013753424962510626,,0.0010563519914047741,0.519,291.19153277079266,285.52050081888837,98695.03304036458,-0.8902662595113119,0.3779500325520833
2023-02-07,280.0,0.000541590852662692,9.474753460377174e-05,0.03825441836552079,-1.8039738279177628e-05,0.4605,290.06435203552246,283.7872905731201,98772.53857421875,2.350809653600057,-1.8608818054199219
2023-02-08,152.0,0.00013048230903217638,9.152739221459109e-05,,-0.00021807383745899516,0.3105,288.86032994588214,280.59208488464355,98938.66943359375,2.0169256130854287,-1.6169567108154297
2023-02-09,258.0,0.0001807068377045899,0.0001671926328509113,,0.001203806758156367,0.4635,291.72656122843426,282.4558900197347,98742.72281901042,-0.7276018063227335,1.7991491953531902
2023-02-10,169.0,0.00025884908973228417,0.00020802789367726588,,-0.0008243544725697727,0.34,292.46740595499676,285.96729469299316,98670.87076822917,-1.7855688730875652,1.0835800170898438
2023-02-11,269.0,1.6067091564757475e-05,6.777866656190643e-05,0.038873633620649946,-7.290284702318431e-05,0.8585,291.80442873636883,282.0655040740967,99014.73111979167,1.7376524607340496,-2.090399424235026
2023-02-12,178.0,0.0005314995651131111,5.363296077118781e-05,,-0.0009696347988206518,0.29,289.1183547973633,275.6270287831624,99330.15836588542,2.782626469930013,-2.387507677078247
2023-02-13,138.0,-5.237585355641899e-05,8.537346730005111e-05,,-0.00017237749125335528,0.192,289.38320604960126,270.46696281433105,99132.8525390625,4.445387522379558,-2.4031097491582236
2023-02-14,138.0,6.899083098186676e-05,9.714544500368007e-05,0.04086202723339451,0.00013764012195178503,0.3035,290.72811190287274,276.8816744486491,99056.85595703125,2.8172905445098877,-1.974956472714742
2023-02-15,204.0,0.00029742795231855936,8.282023554780744e-05,0.038861076946958985,3.835343159151504e-05,0.4675,292.3772150675456,280.10606066385907,98843.38916015625,2.9861907958984375,-2.183430830637614
2023-02-16,286.0,0.00020584453886831786,0.00014559589908452134,,0.0021935680415472053,0.793,291.93482398986816,285.69336128234863,99071.283203125,-0.29942957560221356,-0.9211262861887614
2023-02-19,333.0,0.0005322904819168973,0.0001987499882000486,,-0.0006179001224427309,0.7625,294.2771968841553,286.9373429616292,98901.91552734375,-1.2989851633707683,0.1466598908106486
2023-02-20,301.0,0.00027796884835305617,9.567794724891407e-05,,0.0008637252141997228,,296.357484181722,285.47192509969074,98605.23388671875,-1.2530663808186848,1.4902115265528362
2023-02-21,218.0,0.00030508509772122887,0.00010452827613363785,0.041623536497336903,0.0018409047725006173,0.556,295.41932741800946,285.75885645548504,98673.73160807292,0.5631281534830729,-1.2933775186538696
2023-02-22,311.0,0.0002162380988010222,0.00010426952940174625,0.03979546576736675,0.0010392441181461588,,294.2762591044108,284.8316586812337,98833.47086588542,0.7246691385904948,-1.984398086865743
2023-02-23,270.0,4.957335841024992e-05,5.5829877965128655e-05,,0.0008361705113198798,0.261,293.47850672403973,280.6622797648112,98865.49593098958,2.413001378377279,-1.7660468419392903
2023-02-24,179.0,0.00013417061872670051,8.362828334228608e-05,0.035736224769445046,-9.363181377953757e-05,0.236,293.27898661295575,281.57196553548175,99064.2900390625,1.607339859008789,-1.2796754439671834
2023-02-25,249.0,0.0002468252290252465,0.00011696969183471901,,0.0007043758701917826,0.5665,294.30759874979657,284.4556662241618,99222.44694010417,-0.0782553752263387,-0.5595826307932535
2023-02-26,319.0,0.0001884513330877893,0.00011040955723724316,,0.00018653116421766142,0.7175,295.711477915446,284.8650582631429,99346.83675130208,-0.4309055010477702,-0.7400655746459961
2023-02-27,269.0,0.0002276463928864306,8.92278767423327e-05,0.04211902618406422,0.00033012282801778066,0.5885,295.4880625406901,285.02515347798663,99284.68245442708,0.1950531005859375,-1.6184292236963909
2023-02-28,257.0,9.789143950907098e-05,0.00016423486522391945,0.047158990055302705,0.00012712633179029663,0.551,295.319855372111,284.41226959228516,99314.9228515625,-0.9722582499186198,-1.1816989580790203
2023-03-01,189.0,7.733622873340169e-05,0.00017259442172453592,0.04244267940519445,0.00020280028124344305,,295.4957586924235,285.1717065175374,99425.30777994792,0.021779815355936687,-1.457861304283142
2023-03-02,291.0,0.00017207219207186425,0.00010543717507966992,0.03935709124455061,-0.0009734237100924905,0.58,296.03211339314777,285.64321517944336,99423.951171875,0.6659707228342692,-2.00353733698527
2023-03-03,169.0,0.00021099379976904562,6.538054224517738e-05,,0.0004251364261983621,0.4005,296.4391498565674,285.5874601999919,99457.14908854167,1.6105333964029949,-2.2137146393458047
2023-03-04,143.0,,,0.034308265894636904,,,295.49688784281415,285.9569861094157,99472.95328776042,1.4648030598958333,-2.1288795471191406
2023-03-05,140.0,0.00019296270550502693,4.49091011072798e-05,,-0.0002784838502307742,0.3245,295.59639739990234,284.9159285227458,99351.51708984375,1.8008734385172527,-2.081682562828064
2023-03-06,148.0,0.00033582004834883613,6.385795131788682e-05,,-0.00014848091814195045,0.399,295.1226164499919,283.9915580749512,99143.19661458333,1.7176399230957031,-1.3785720268885295
2023-03-07,144.0,0.00043632243558597696,6.181384167951691e-05,,-0.00013758140321349472,0.372,295.4882564544678,283.9084250132243,99151.69091796875,0.42190806070963544,-0.5724605321884155
2023-03-09,95.0,0.00012099150626449386,8.81186060723476e-05,,,1.058,294.97791798909503,285.3224754333496,99235.7373046875,0.8762944539388021,-0.7919190724690756
2023-03-11,205.0,0.0003863448218906527,7.802529580655002e-05,0.03928612172601946,0.00045051021152156913,0.4285,297.0950126647949,285.83699226379395,99090.47005208333,0.34912745157877606,-0.6609135468800863
2023-03-12,254.0,0.0001733960089040187,0.00011247896327399548,0.03904051200231552,2.4241751816579133e-05,0.45,298.34799003601074,286.62854385375977,99021.37776692708,-0.3553613026936849,-0.9016455411911011
2023-03-13,224.0,0.0003426419555821801,0.00011658760378293709,,0.0013802438519694095,0.483,297.5080273946126,287.5181592305501,98874.3994140625,0.6301701863606771,-0.8916999896367391
2023-03-14,210.0,0.00016140536172308653,6.563499482578616e-05,0.034770887345060904,0.0008281465270553008,0.426,298.01306597391766,285.63872718811035,98571.2041015625,1.2630709409713745,-1.3169111013412476
2023-03-15,230.0,0.00026585595333006166,0.00010235610534432672,0.040278098395273854,0.0003021809388882134,0.551,298.05210940043133,285.0166835784912,98513.56005859375,-0.9510987599690756,-0.6344473361968994
2023-03-16,241.0,0.00014651214587495985,0.00015088031068437871,0.045390412272485574,,,297.8185952504476,284.98203976949054,98651.7490234375,-1.256663203239441,1.314223090807597
2023-03-17,187.0,,,,,,296.1682376861572,287.5343310038249,98757.72314453125,-1.0853954950968425,0.6641648610432943
2023-03-18,178.0,,,,,,294.1481005350749,289.68390401204425,98649.376953125,-1.5775192975997925,0.5192492802937826
2023-03-19,154.0,,,,,,293.83789189656574,290.3773759206136,98450.42936197917,-0.42472585042317706,-0.3603291114171346
2023-03-20,117.0,,,0.04066025641407683,,,291.8296413421631,289.85300890604657,98396.40120442708,-1.189700444539388,-0.04694263140360514
2023-03-21,61.0,,,0.035736382007583764,,,291.72685114542645,287.9122594197591,98559.85172526042,-1.157033920288086,-0.9403076171875
2023-03-22,169.0,0.0004059922939630371,0.00020010693697250368,,0.0002796024200505326,0.881,293.583288192749,287.967243830363,98601.73893229167,0.6649837493896484,-0.5684303442637125
2023-03-23,134.0,0.00020075529318268952,7.483295830496128e-05,,-1.0007698275253067e-05,0.4585,295.664986928304,286.93951479593915,98479.78889973958,0.45264919598897296,-1.3569715817769368
2023-03-25,66.0,,,0.03853395447852602,,,294.77161534627277,289.41037050882977,98759.7646484375,-1.525491714477539,-0.16165093580881754
2023-03-26,207.0,9.121892799153792e-05,7.649379404025643e-05,,0.00022099478519512308,0.8195,294.93653106689453,286.13017145792645,98690.52962239583,1.1318639119466145,-1.915154258410136
2023-03-27,171.0,0.0001445771194993838,6.381690036502762e-05,0.03661191463468911,0.0004738049465229594,0.534,294.4156691233317,286.1733703613281,98641.84358723958,1.79345703125,-1.7227492729822795
2023-03-28,160.0,1.4405260149990592e-05,5.759059098757656e-05,0.03608171269296074,1.5395421506344396e-05,0.3325,295.7157618204753,286.69932238260907,98620.73063151042,0.7298018137613932,-1.2577356497446697
2023-03-29,175.0,0.0006055932026353898,,,,,297.0556500752767,287.4655335744222,98630.55696614583,-1.0133546193440754,-0.3569060166676839
2023-03-30,158.0,0.0001720912172121191,0.00010126191332385562,0.042611632496100525,,0.643,296.5678596496582,288.49037806193036,98446.73876953125,0.13553746541341147,0.457894245783488
2023-03-31,57.0,,,,,,293.59442075093585,290.02102025349933,98484.99658203125,-1.267242431640625,0.7157952785491943
2023-04-01,89.0,0.0002244106602442306,7.258903648099728e-05,0.03470896723404315,,0.591,294.3396994272868,289.7171923319499,98527.67643229167,-0.18577003479003906,0.01768314838409424
2023-04-02,108.0,0.0002827317585228371,,0.034529756754622165,0.0007868052933624536,0.569,295.5349985758464,288.7863299051921,98405.2509765625,0.8739522298177084,-1.1184454361597698
2023-04-03,210.0,0.0004776031271016837,0.00025686558927767326,,-0.000350872921541515,0.7075,296.8716112772624,288.54599444071454,98311.4775390625,-0.3733514149983724,-0.7838295300801595
2023-04-04,128.0,0.00011204292241013528,6.848277189416709e-05,,-0.00021334142002151638,0.4105,296.2176151275635,287.68017260233563,98559.80322265625,1.0865491231282551,-2.014915704727173
2023-04-05,167.0,5.188452632862743e-05,7.633428322148075e-05,0.03669684752820371,0.0005060250987296646,0.4205,296.4802138010661,284.65252049763996,98622.90315755208,1.0111382802327473,-2.189696788787842
2023-04-06,185.0,8.238565914761951e-05,5.981562792601458e-05,0.03297793492673433,-0.0004481775253780912,0.2355,297.1288979848226,284.09678332010907,98831.86962890625,1.2836564381917317,-2.4733988444010415
2023-04-07,165.0,0.00018094560073215313,6.473928806369249e-05,0.029605003756223023,-3.967155134885757e-05,0.238,296.8476810455322,281.88312975565594,98996.51416015625,1.9958624839782715,-2.303635597229004
2023-04-08,204.0,-3.0538342343775914e-06,8.057967352211794e-05,0.0363641753792609,0.0002481221745255285,0.329,297.3557243347168,281.8484312693278,99038.16129557292,1.3328901926676433,-1.8989502986272175
2023-04-09,265.0,0.0001511613293691314,9.071260773278414e-05,,0.001685113849640459,0.3195,298.2244186401367,281.6660525004069,98950.06640625,1.064475377400716,-1.5642542839050293
2023-04-10,263.0,0.00019810688132896156,6.659285949739985e-05,0.03812782259816714,0.0004686195139170067,0.593,298.9228706359863,281.1818078358968,98809.5302734375,1.9385318756103516,-1.7332148551940918
2023-04-11,315.0,0.00024907745126332624,6.521376010524893e-05,0.03968766270357917,0.0007827936095146404,0.3465,300.7069155375163,280.7980766296387,98764.01936848958,2.129031499226888,-2.4775314331054688
2023-04-12,259.0,,,,,,301.86559104919434,282.28201421101886,98666.33414713542,2.027350743611654,-1.952521800994873
2023-04-13,262.0,0.00020510946406611413,9.766360008630503e-05,0.03791372753153122,-0.00013873829207113275,0.422,301.9919611612956,281.5578556060791,98501.7470703125,1.5254287719726562,-2.0698192914326987
2023-04-14,293.0,0.00021253597515160543,9.127727389564603e-05,,0.0007194689824242828,0.453,303.2622667948405,280.252726872762,98436.91569010417,1.188072403271993,-1.4356224139531453
2023-04-15,336.0,0.00024401106929861866,0.0001291924272663345,,0.0001514382020104036,0.538,303.79228655497235,279.7398929595947,98377.36295572917,0.23417282104492188,-0.686536947886149
2023-04-16,258.0,2.9740474928972773e-05,5.608454739556139e-05,0.0368908248354319,0.000669808418024048,0.4285,304.2571957906087,282.04177792867023,98260.08447265625,1.455844243367513,-0.08959535757700603
2023-04-17,246.0,0.00047023891238475823,0.00010046501847678272,0.03680409118531578,6.945691711732044e-05,0.4515,304.33468437194824,282.08691151936847,98289.6337890625,1.0718091328938801,-0.44180862108866376
2023-04-18,296.0,0.00027866535869158207,6.281856240499022e-05,0.03272917741235327,-0.0003431963490968518,0.303,304.81627400716144,282.73741149902344,98363.4267578125,1.6806710561116536,-0.3068765004475911
2023-04-19,282.0,0.00032920047108912277,0.00012563758111950967,,0.000379726211785592,,302.7299378712972,285.379846572876,98069.58577473958,1.3300927480061848,-1.0948572953542073
2023-04-20,176.0,0.00021370946714231525,6.149655382611982e-05,,-0.0003672811435533997,0.379,302.0041987101237,286.06316057840985,97874.03743489583,0.9770329793294271,-1.010406533877055
2023-04-21,137.0,0.0003381370303470723,9.059698285911926e-05,0.0335619570845964,-7.513348885521289e-05,0.708,301.44050788879395,280.8042348225911,98005.47916666667,-0.1808649698893229,-0.850887139638265
2023-04-22,160.0,0.00039320919313451413,0.00010902454232559585,0.03926965140318116,-0.0004947507404720181,0.4705,301.3921527862549,276.7655881245931,98109.607421875,0.06804339090983073,-2.3240233262379966
2023-04-23,110.0,,,,,,300.2426452636719,279.0168565114339,98312.68229166667,-0.1386133829752604,-0.13111714522043863
2023-04-24,159.0,0.00037119530155101517,0.0006082440309785955,,0.00025514754879085814,1.115,299.1503486633301,281.9003740946452,98705.82861328125,-2.118574778238932,1.528233249982198
2023-04-25,132.0,0.0002395202118349413,0.00010615837163636629,0.04845380175694353,-0.0003466031048445428,0.6105,300.0193684895833,283.2896620432536,98691.73681640625,-1.7466589609781902,0.6485844453175863
2023-04-26,186.0,0.00043798447488446247,0.00013256679099497262,0.04579572752116174,-0.0002077731184847751,,302.07559903462726,282.3307870229085,98380.45393880208,-0.5898768107096354,0.34353065490722656
2023-04-27,212.0,0.000205023180363376,0.00010872738224556589,0.04438931867478401,0.0006949344034976635,1.098,302.8361581166585,282.45215861002606,98378.24625651042,-1.2681833902994792,0.7444456020991007
2023-04-28,153.0,,,,,,301.3254559834798,284.7752062479655,98469.33951822917,0.22267977396647134,1.129750370979309
2023-04-29,216.0,,,,,,299.3555603027344,288.5342381795247,98404.65966796875,0.6887626647949219,-0.1333927313486735
2023-04-30,139.0,,,,,,298.41019503275555,289.7506930033366,98280.119140625,-1.3899847666422527,0.3669758240381877
2023-05-01,96.0,,,,,,295.4344844818115,291.9523131052653,98376.38151041667,-1.9380029042561848,0.388702392578125
2023-05-02,79.0,,,,,,295.3593381245931,292.69248453776044,98531.83805338542,-2.037700653076172,0.2450083096822103
2023-05-03,110.0,,,,,,296.5858211517334,291.67349942525226,98595.361328125,-1.7986984252929688,-0.11662928263346355
2023-05-04,73.0,0.00015967421392843687,0.00019206900663250824,,0.00019810109263794252,1.0645,297.8606433868408,291.43057187398273,98550.00244140625,-0.667361299196879,-0.002671519915262858
2023-05-05,173.0,0.0004154984198974551,0.00012122306361556514,,-0.0009346096776421887,,300.04371134440106,288.9911416371663,98342.48307291667,0.8206246693929037,-1.1665842533111572
2023-05-06,288.0,7.352526154133176e-05,4.386692307887606e-05,,0.0003045437915715032,,300.8103853861491,287.92919222513837,98195.54036458333,1.7728226979573567,-1.2307669321695964
2023-05-07,190.0,0.00021190558740459399,9.15053365149118e-05,,6.554942584792603e-05,0.788,302.5562159220378,286.1459420522054,98068.93196614583,-0.0429999033610026,0.4020090103149414
2023-05-08,139.0,0.000297039136057594,0.00010045976523538528,0.03663280978797317,0.0004424874205140388,0.5645,301.8856601715088,286.82071050008136,98064.32926432292,-1.3813896179199219,0.6119638284047445
2023-05-09,230.0,0.00019379974660506478,9.147426077316524e-05,0.03962089449863415,-0.000125095596447491,0.699,301.55835660298663,283.16942977905273,98283.16455078125,1.4044507344563801,-2.378058751424154
2023-05-10,231.0,0.00045470657641980195,0.00011104247823818547,0.04176033793389121,9.058430441651387e-05,0.453,301.10400835673016,280.38466962178546,98240.83854166667,2.044976552327474,-1.9167107741038005
2023-05-11,328.0,0.0003361856361151183,0.00010018049943023781,0.04641600065832603,0.0004552769823929232,0.5415,303.0429286956787,282.4529113769531,98286.39632161458,0.893243153889974,-0.35842212041219074
2023-05-12,290.0,0.00017283482884515217,8.595946565033958e-05,0.04329168728602094,0.0014580753631883653,0.373,304.87409591674805,283.99826494852704,98135.10693359375,-0.17202250162760416,0.032912651697794594
2023-05-13,220.0,0.00024001887874228084,0.00012021854327425446,0.04732703935482271,0.0010443801429195773,1.016,305.6181246439616,285.1016534169515,98037.236328125,-2.124619166056315,0.36136798063913983
2023-05-14,283.0,0.00020192626529893544,0.00013168168127794002,0.04766898467171995,-7.690673852072968e-05,0.909,304.8773244222005,286.0689112345378,97761.74755859375,0.252383550008138,-0.32794034481048584
2023-05-15,174.0,9.997464262565159e-05,9.446540842343363e-05,0.0394510440528226,-0.00012843678562978177,0.543,305.53858184814453,283.73435656229657,97804.09228515625,1.4377562204996746,-1.1979541778564453
2023-05-16,258.0,0.00020515366212318014,6.509791607922585e-05,0.0329371206026864,-0.000466497317006768,0.857,305.70167541503906,282.58957799275714,97975.12027994792,2.2665716807047525,-1.5322715838750203
2023-05-17,446.0,0.0001772356481523435,6.302862311710732e-05,0.0391662493347956,0.0014434178592631077,0.89,306.70033009847003,284.5750509897868,98161.33772786458,2.10463015238444,-0.8180135091145834
2023-05-18,64.0,0.00014229562657413575,6.97696377755779e-05,0.03527083247898517,0.00011798561899917798,0.9195,305.03901799519855,287.7478370666504,98390.05013020833,1.3210678100585938,-2.204338272412618
2023-05-19,162.0,0.00021412221378648406,7.827672796205508e-05,0.040613911902688565,0.0005784806530041885,0.678,304.68617248535156,285.41086705525714,98160.50764973958,2.6624139149983725,-2.0079808235168457
2023-05-20,188.0,0.0005341983051037019,8.672588592158688e-05,,-0.000525498413480596,0.432,305.6287136077881,285.1358521779378,97999.3349609375,1.9562689463297527,-0.8541405995686849
2023-05-21,266.0,0.00024008451146063486,9.09620066522236e-05,,-0.00034015424898811204,0.506,307.62447992960614,283.54767926534015,98027.79638671875,1.993756612141927,-0.8014195760091146
2023-05-22,230.0,0.00015896494163079872,4.3068751252714234e-05,,0.0006519784759007905,0.5295,308.4226824442546,285.10046831766766,98089.75211588542,3.142103830973307,-1.4049286047617595
2023-05-23,210.0,0.0003321125113869544,6.488682265623522e-05,0.03642097488044152,0.00025120060308825775,,308.5938606262207,286.3037916819255,98092.07503255208,3.02488644917806,-1.708099643389384
2023-05-24,163.0,,,,,,304.67835807800293,290.87198702494305,98074.7392578125,0.4755624135335286,0.04442723592122396
2023-05-25,87.0,0.00024495928144666225,9.729423028552982e-05,0.03329460322855495,-0.0001706945603687361,,301.81445693969727,292.05958302815753,98082.60205078125,0.42319297790527344,0.31866927941640216
2023-05-27,97.0,0.00015892107704865914,5.3241959819913436e-05,0.03284585103391212,0.0006881856655150196,0.204,302.5228799184163,292.04834429423016,98127.92805989583,-0.46822675069173175,0.341858704884847
2023-05-28,132.0,0.0005774826277044954,3.359541005919198e-05,,,,303.040340423584,292.848778406779,98288.61490885417,0.3077964782714844,0.4924964904785156
2023-05-29,117.0,,,,,0.619,300.996919631958,293.6148764292399,98433.05436197917,-0.5555750528971354,-0.008929610252380371
2023-05-30,119.0,0.00022248741879584173,,0.032969374515494386,-0.00039924282464181887,0.728,301.6922887166341,292.5547275543213,98374.79313151042,-0.453633189201355,0.218674898147583
2023-05-31,79.0,0.00012372928904364242,3.9583792386094135e-05,0.032899264246211445,-6.475821692217314e-07,0.585,299.4988161722819,292.1977996826172,98303.04866536458,1.7337608337402344,-0.10533106327056885
2023-06-02,119.0,0.00016059420886442723,4.576943683785314e-05,0.03258843347428851,-3.720078893819182e-05,,300.9242738087972,292.16975529988605,98165.13899739583,1.30548099676768,-0.7198136250178019
2023-06-03,125.0,0.00025517513859074945,6.43107487121325e-05,0.034195051268351234,0.0007653940701853973,0.507,302.6428337097168,290.3480033874512,98182.19368489583,1.234606424967448,-1.2076567808787029
2023-06-04,163.0,0.00029007656494608276,0.00010926057431281307,0.035323814223976846,,,303.37060419718426,291.9244848887126,98103.14908854167,1.6584266026814778,-0.5635254383087158
2023-06-05,169.0,5.2517032599985745e-05,7.910960266596087e-05,,0.00042630176176299006,0.498,304.30235226949054,289.15382448832196,97998.798828125,2.331082026163737,-1.041884462038676
2023-06-06,151.0,0.00047346719657050915,9.99017211142505e-05,0.04069703444836803,0.0012543097836891473,0.529,304.7130978902181,288.1484120686849,97964.35367838542,1.4129924774169922,-1.6566422780354817
2023-06-07,194.0,0.00023797792035676395,5.928370409144903e-05,,5.0324758001817944e-05,0.468,304.3138345082601,287.33747545878094,97985.13818359375,1.3839537302652996,-2.032182057698568
2023-06-08,170.0,0.00013171217869961652,6.122062040955965e-05,,1.0175613169845082e-05,0.469,305.91993522644043,287.3752562204997,97844.22086588542,1.9729690551757812,-1.653533935546875
2023-06-09,147.0,0.00017451717039292878,5.785249583085279e-05,0.03391151130197998,-0.00014239368088555753,,307.7612775166829,287.63222249348956,97537.33203125,2.298977533976237,-1.2229942480723064
2023-06-10,132.0,0.00021620085643641866,,0.0331142283975938,0.000590413639261246,0.766,308.3253625233968,289.39532470703125,97455.90152994792,3.190763473510742,-0.3835817575454712
2023-06-11,131.0,3.200572245985779e-05,8.230152889151371e-05,0.03429555520413856,0.0004901202046310319,0.664,307.4367911020915,291.2345962524414,97495.5048828125,3.3386594454447427,-0.9201056957244873
2023-06-12,176.0,0.00030789338655811923,3.905080926781185e-05,0.033085767179713566,0.00041010558275716193,0.945,308.71468416849774,291.9241409301758,97457.96484375,3.4602781931559243,-1.310539682706197
2023-06-13,208.0,1.9342514860901253e-05,3.442731394896691e-05,0.030337894335376307,-0.0007296576513905718,0.5675,309.0297215779622,288.1334686279297,97466.119140625,4.945212046305339,-1.039645512898763
2023-06-14,157.0,0.0001358890731352738,4.07235784223131e-05,0.02996801398693248,,0.831,308.5081666310628,291.59629821777344,97528.08821614583,5.052743275960286,-0.380659818649292
2023-06-15,105.0,0.0001787976678894903,2.9397086102314677e-05,0.02935244703197439,,1.148,306.9789288838704,293.042729695638,97671.15559895833,3.7445030212402344,-1.4374629656473796
2023-06-16,123.0,0.00015308733825332083,4.551795971825673e-05,0.030798576772199958,0.00037365716656614565,,306.084415435791,294.13611094156903,97664.09049479167,2.827308019002279,-0.043614824612935386
2023-06-17,119.0,0.00011761176870098948,6.472581465121303e-05,,-8.68084257894493e-06,,306.1435152689616,295.21978123982746,97671.67073567708,1.1810156504313152,0.8457357486089071
2023-06-18,90.0,,,0.029566525190322684,,,304.01191266377765,296.05596415201825,97644.72395833333,-1.6151720682779949,1.3270035584767659
2023-06-19,77.0,0.00028743328672421536,0.00012087057074020067,,,,304.43117968241376,296.2693462371826,97524.56673177083,-1.959493637084961,-0.3214511076609294
2023-06-20,101.0,0.00035911996383204773,0.00012119129678462163,0.04015670716760845,0.00013959511124988702,,304.5088545481364,296.8686771392822,97580.31559244792,-1.5196351210276287,-0.42882732550303143
2023-06-21,94.0,0.0002935109763037077,6.106147193214689e-05,0.035479068756088514,0.0005784873177563889,,305.4926503499349,297.5127092997233,97663.21842447917,0.3829905192057292,0.7441418568293253
2023-06-22,111.0,0.00025088046095323385,6.783890421499423e-05,,0.0008898883243087641,,305.78100331624347,297.8164825439453,97651.58707682292,0.8536980946858724,0.6137852668762207
2023-06-23,126.0,,,,,,304.67164039611816,298.7783393859863,97650.10172526042,-0.6723403930664062,0.5851272741953532
2023-06-24,177.0,,,,,,306.06429227193195,298.7341505686442,97581.19742838542,-1.1063512166341145,0.3908938566843669
2023-06-25,65.0,,,,,,300.8178488413493,298.72829182942706,97754.48763020833,-0.9891821543375651,1.0183238983154297
2023-06-26,86.0,,,,,,301.33330790201825,298.03143246968585,97768.64339192708,-1.491259256998698,-0.04062970479329427
2023-06-27,69.0,,,0.03944553503399433,,,303.0447578430176,298.2048060099284,97709.5625,-0.8402500152587891,0.6350282430648804
2023-06-28,96.0,0.0001086413831216755,,,,,303.4436372121175,298.18825276692706,97817.46875,-1.7528057098388672,0.006443540255228679
2023-06-29,90.0,0.00029012896708480705,0.00010375824888235197,0.039842385798675856,-2.933929582433806e-05,,301.72870445251465,298.37640889485675,97690.00113932292,-1.963092048962911,0.1605358123779297
2023-06-30,74.0,,,0.03923328622327284,,,302.1113287607829,298.30321311950684,97550.83675130208,-1.4705172777175903,-0.20500338077545166
2023-07-01,58.0,0.0003556723822838054,9.757952648210869e-05,0.040187004211746306,8.549133053744321e-05,,303.15979766845703,298.01852289835614,97659.09684244792,-0.5349375406901041,0.1705550750096639
2023-07-02,79.0,0.00029809240368182274,,0.03715440971295575,,,304.1399898529053,297.27110481262207,97697.44905598958,-0.6377576192220052,0.33899688720703125
2023-07-03,130.0,0.00027773210587420035,8.86955599037403e-05,0.03815191331988692,-0.0004200789316674771,,305.8454360961914,298.0993537902832,97584.52734375,0.47915395100911456,0.6030522982279459
2023-07-04,144.0,,,,,,305.2018292744954,298.6377258300781,97461.9033203125,-1.8438657124837239,0.7930464744567871
2023-07-05,90.0,0.0005818945937787515,9.996974404198547e-05,,,,303.0858402252197,298.364252726237,97557.78938802083,-2.695291519165039,-0.08107948303222656
2023-07-06,65.0,,,,,,301.2607898712158,298.3235505421956,97727.37955729167,-2.544090151786804,-0.13130633036295572
2023-07-07,73.0,,,0.03334585949777147,,,301.89193534851074,298.6387691497803,97778.61881510417,-2.4792497952779136,0.9931329091389974
2023-07-08,64.0,,,,,,300.3116798400879,298.7550392150879,97749.39078776042,-2.6412620544433594,1.056174596150716
2023-07-09,55.0,,,,,,300.4885832468669,298.881893157959,97704.40836588542,-2.049616495768229,1.171953837076823
2023-07-11,61.0,0.0002525896125006353,5.865187631568254e-05,0.03343908116220014,6.48745917714858e-05,,302.14390500386554,298.4744675954183,97684.08186848958,-0.40870920817057294,-0.07927576700846355
2023-07-12,81.0,,,,,,301.4909159342448,298.7948735555013,97682.08154296875,-2.1316401163736978,0.1351566712061564
2023-07-13,92.0,,,,,,302.2201010386149,299.15820185343426,97708.57975260417,-1.7914365132649739,0.5265892346700033
2023-07-22,105.0,,,,,,303.5577163696289,298.6068738301595,98039.93798828125,-3.8690834045410156,0.11660520235697429
2023-07-23,72.0,0.000173599561094233,,0.0345502870452834,,,304.03968874613446,298.6557502746582,97931.08235677083,-3.566563288370768,0.3599424759546916
2023-07-24,86.0,0.0002656309225129703,5.564920866161094e-05,0.03867680350952513,-0.00018002362048711464,,302.81563504536945,299.2405242919922,97768.46012369792,-2.5224838256835938,0.6663855314254761
2023-07-26,72.0,,,,,,301.11739921569824,298.81558354695636,97953.74332682292,-1.2297687530517578,1.169831395149231
2023-07-27,90.0,,,,,,301.69658279418945,298.93080774943036,97831.08382161458,-0.17179441452026367,0.5989888906478882
2023-07-28,67.0,,,0.03343914449213521,,,300.7709954579671,298.5909938812256,97613.65706380208,1.0169626871744792,0.23002203305562338
2023-07-29,42.0,,,0.03484232351182418,,,300.7546272277832,298.4483699798584,97591.61848958333,1.9873720804850261,-0.3607574701309204
2023-07-30,56.0,0.00018782571714829162,4.2160081648017147e-05,0.03124335880444026,-0.0001376452200929052,,301.7755603790283,298.5043309529622,97522.85595703125,2.737362543741862,-0.5646364291508993
2023-07-31,88.0,0.00031678742379868046,,0.036534924060090825,3.888113860737751e-05,,303.12237485249835,298.4709580739339,97485.06233723958,3.0920797983805337,-0.4245402018229167
2023-08-01,86.0,0.000155402053157213,4.172046959682739e-05,0.03546710649166479,-0.00029052396666209564,,303.63222948710126,298.46716562906903,97401.794921875,3.663005828857422,-0.4104169209798177
2023-08-02,85.0,,,,,,302.7415466308594,299.03101603190106,97490.57600911458,2.213475545247396,-0.38807133833567303
2023-08-03,75.0,0.00010356979125262649,,0.036175914108737904,,,302.797456741333,298.7336877187093,97505.73551432292,2.186563491821289,-0.8982938130696615
2023-08-04,87.0,,,,,,302.0961977640788,298.94194984436035,97740.74625651042,0.9506587982177734,-0.32918230692545575
2023-08-05,97.0,0.00030445837182911277,3.8233618397482335e-05,,-0.00020624752505673686,,302.82104110717773,298.804926554362,97804.01139322917,2.0793307224909463,-0.4447447856267293
2023-08-06,126.0,0.00020627024059640834,,0.03635491803286922,,,303.4440409342448,297.1094907124837,97497.78515625,3.7989934285481772,0.3112013339996338
2023-08-07,107.0,,,0.03138474375008209,,,302.63045565287274,295.9349142710368,97343.60563151042,4.068087458610535,1.0292007525761921
2023-08-08,116.0,,,,,,302.9105580647786,296.24342091878253,97543.82698567708,4.289255777994792,0.8571992715199789
2023-08-09,125.0,0.00029520873795250985,,,,,303.22682189941406,296.55672391255695,97861.90250651042,3.190952936808268,0.4300247033437093
2023-08-10,147.0,0.0002357247140024723,,0.03787711351212474,0.0004399975587146359,,302.66337331136066,297.09098625183105,98006.12955729167,2.1627610524495444,0.42211588223775226
2023-08-11,124.0,,,0.04056919366119577,,,303.44014104207355,296.2644577026367,97932.97672526042,2.955179214477539,0.04149643580118815
2023-08-12,132.0,0.00012028085620835925,5.276977390165072e-05,,,0.644,304.01550165812176,295.19321568806964,97689.90966796875,3.8510303497314453,0.9052135944366455
2023-08-13,118.0,,,,,,303.34292538960773,296.0809078216553,97631.4072265625,2.2195218801498413,1.7759234110514324
2023-08-14,131.0,,,,,,301.677682240804,296.3923880259196,97989.296875,-0.9467557271321615,1.8240776459376018
2023-08-15,122.0,,,0.03675279021261568,,,302.72988573710126,297.3313840230306,97985.55192057292,0.8181966145833334,0.4481448332468669
2023-08-16,117.0,0.00017711165128268263,4.1212475480261525e-05,0.03898705580584585,-0.00021315467893136963,,303.9683647155762,296.94566408793133,97897.74934895833,2.2697906494140625,-0.36396153767903644
2023-08-17,116.0,0.00023853658153004403,4.894776570680594e-05,0.03697924622915609,-0.00029612214033798576,0.683,304.2223269144694,295.83297030131024,97889.41243489583,2.8598111470540366,-0.028076807657877605
2023-08-18,91.0,0.00022120393987270031,6.738790398227926e-05,0.04125626622189941,0.00020664566545738482,1.156,304.37302652994794,297.3762009938558,97872.77522786458,0.1589349110921224,-0.9636732737223307
2023-08-20,54.0,0.00026005043248496554,5.7834325412613504e-05,0.03712277486918787,-3.41011644862581e-05,,304.1118272145589,298.8125654856364,97943.11165364583,-2.03013547261556,1.0528717835744221
2023-08-22,51.0,0.0004128516691658781,5.651611969625448e-05,,,,304.752867380778,299.00181579589844,97612.37272135417,0.7432022094726562,0.5861059824625651
2023-08-23,47.0,,,,,,300.8381544748942,297.6735833485921,97595.43977864583,1.0235061645507812,1.7256685892740886
2023-08-24,39.0,0.0005399745853650601,,,,,302.7861633300781,295.13095156351727,97513.85514322917,2.9402853647867837,0.7770575284957886
2023-08-25,60.0,,,0.03513593599198763,,1.065,303.20911089579266,294.2488587697347,97586.37483723958,3.3770885467529297,0.8908857504526774
2023-08-26,53.0,0.00013979199866292675,4.014496577664326e-05,0.034125996753558985,-0.00021152842903430968,,303.4500560760498,294.1787045796712,97746.01383463542,3.4397710164388022,0.2771507104237874
2023-08-27,199.0,7.793869008306843e-05,3.679705332613857e-05,0.03385013341902255,6.790170300516222e-05,,303.90335210164386,293.34814325968426,97701.33479817708,3.8708604176839194,0.28420766194661456
2023-08-28,151.0,0.00010202412186097422,5.43311284140319e-05,0.03081291913984903,0.0005245425140410506,1.272,303.9828821818034,294.2556743621826,97745.67301432292,3.2581469217936196,0.1402817169825236
2023-08-30,154.0,0.00010273014049739889,5.1705672376534455e-05,0.03692722693084109,-5.317692193782502e-05,0.793,303.73337745666504,295.3379872639974,98119.61165364583,1.5088626146316528,-0.4386032025019328
2023-08-31,150.0,0.00019161329973736238,6.97436189511496e-05,0.034863535433860116,5.627391986416271e-05,,303.9125633239746,295.1870485941569,98169.00162760417,1.2677599589029949,-0.3806709448496501
2023-09-01,144.0,0.00028800975990418356,4.1081424121951353e-05,0.035955812782033976,0.000240228101405079,0.7765,304.69011815388996,293.56050936381024,98098.35465494792,2.297316233317057,-0.7225925127665201
2023-09-02,139.0,0.00019431386317583896,4.294383688828023e-05,,0.00041362195042875797,0.516,304.5460789998372,292.7736581166585,98009.54215494792,3.0112857818603516,-0.8066820303599039
2023-09-03,136.0,0.00015786494356302594,4.69008796528356e-05,0.037521738558991775,0.0005969034760217574,0.549,304.09710057576496,291.27874755859375,97876.74088541667,2.7882073720296225,-1.1133607228597004
2023-09-04,140.0,0.00031647176365354684,6.811333878428589e-05,0.0366661287844026,-0.00013806793140241626,0.4445,304.057076772054,292.1198425292969,97871.39973958333,0.9936110178629557,-1.5453321536382039
2023-09-05,119.0,0.0003601958742363718,0.00010850692342496545,,-3.344336073494965e-05,0.7015,303.35470453898114,297.2974096934001,97974.07486979167,-0.7818018595377604,-0.6629212697347006
2023-09-06,105.0,0.0002924592362781379,7.215409134622219e-05,0.033632282167658886,1.6513305776121657e-05,,303.9428170522054,295.6218605041504,98048.86848958333,-1.092569351196289,0.6798851490020752
2023-09-07,92.0,0.00016257344395846705,8.516907837471116e-05,0.04669980378283943,,,304.8148784637451,295.50560251871747,97968.49007161458,0.4673627217610677,0.21692935625712076
2023-09-08,79.0,0.00013345431943884064,8.177258132487802e-05,0.03955478593705412,0.00033579254522905457,0.553,303.22796058654785,296.63449541727704,97998.28190104167,-2.250403722127279,0.6765740712483724
2023-09-09,41.0,8.218282688221559e-05,7.218428580953775e-05,0.038241047822148495,-3.9011195951136024e-05,,299.7015736897786,297.2136522928874,97909.1171875,-2.7921085357666016,-1.1122502485911052
2023-09-10,33.0,,,0.03716544759939696,,,299.0603224436442,297.2800210316976,97780.16292317708,-2.7418174743652344,-0.7944860061009725
2023-09-11,50.0,,,0.04169840738175536,,,300.5203234354655,297.5011183420817,97813.279296875,-1.6018664042154949,-0.6705493927001953
2023-09-12,85.0,0.00024215382919948598,,0.04247893765566937,,,302.40624618530273,297.8574136098226,97841.58805338542,-0.6809425354003906,0.6032752990722656
2023-09-13,107.0,0.00017116488243994147,8.951351748005571e-05,0.04484217241404544,,,303.09593836466473,298.8269335428874,97873.71028645833,-0.4980080922444661,0.7770265738169352
2023-09-14,110.0,0.00013447450898036506,0.00010093490885988476,0.03726773336528156,-0.00011071375812409999,,303.3129355112712,298.79128074645996,98003.52262369792,-1.9038397471110027,0.9085095723470052
2023-09-15,90.0,0.000299258596653227,0.00011795083786970178,,0.0005378565890269508,,302.43664232889813,298.53641001383465,98087.771484375,-1.8672434488932292,0.12951695919036865
2023-09-16,83.0,,,,,,301.5479157765706,298.44500732421875,97988.48209635417,-3.221135457356771,-0.5132459004720052
2023-09-17,41.0,,,0.03941089272892041,,,300.93907928466797,297.6608352661133,97841.83333333333,-4.319343566894531,0.2334467569986979
2023-09-18,42.0,,,0.04012621194122525,,,301.1893418629964,296.6109924316406,97986.85481770833,-2.8716689348220825,1.5769704182942708
2023-09-19,72.0,0.0001621980344169839,6.991499039832646e-05,0.036647468805297616,0.00039167319932072896,,302.3751614888509,297.2210998535156,98195.98583984375,-1.4875704447428386,1.047512690226237
2023-09-20,104.0,0.00041656175744702185,,0.039555903524143655,0.0001248985936399021,,302.956106821696,297.7626304626465,98188.48111979167,-0.20175298055013022,0.14286677042643228
2023-09-21,111.0,0.0003596766910048543,,0.03604194231231583,,,303.5053253173828,297.79376157124835,98116.57161458333,0.5653502146402994,-0.5175393025080363
2023-09-22,102.0,0.0001883996597145714,8.203250776079272e-05,0.0402340069413015,,,302.9545205434163,297.62464968363446,98131.96402994792,0.356204350789388,-0.24971544742584229
2023-09-23,115.0,,,,,,301.01476669311523,297.88701883951825,98257.8369140625,-0.19113731384277344,-0.13823111852010092
2023-09-24,126.0,,,0.03821852884935606,,,301.9280897776286,297.082332611084,98185.7041015625,0.6113115946451823,-0.02960081895192464
2023-09-25,127.0,0.0003836928349874406,0.00011162948280880503,0.04100113794242761,-0.00010045290993303865,0.911,302.45285669962567,296.4277998606364,98222.76708984375,-0.1186841328938802,-0.19019452730814615
2023-09-26,136.0,0.0002805271195019494,7.131636868584863e-05,0.04145748168228303,-0.0003867055440209412,,302.01011657714844,296.5139408111572,98323.09163411458,0.22747230529785156,-0.8576995134353638
2023-09-27,119.0,0.00013851592666463654,6.404538544299633e-05,0.03650414184826972,0.0004135881536056401,0.527,301.05024846394855,293.4573497772217,98293.80729166667,1.245022455851237,-1.99800439675649
2023-09-28,137.0,0.00022366869961833435,7.797104626657869e-05,,-3.141696652163354e-05,0.559,300.1493110656738,291.52845128377277,98266.56591796875,1.1009273529052734,-1.670117457707723
2023-09-29,175.0,0.0002910987568608506,8.011173397149901e-05,,0.0007301909019706852,0.4765,300.37725766499835,291.95269139607746,98251.86442057292,0.08685831228892009,-1.4796173969904582
2023-09-30,168.0,8.387415437024265e-05,9.585119551043629e-05,0.03392398729918953,-6.588835822182715e-05,0.4925,300.96232922871906,290.7528610229492,98210.92789713542,1.1671142578125,-2.221206227938334
2023-10-01,147.0,0.00016786254708914562,8.571035883494938e-05,0.04264656888487957,0.00014570826126533942,0.527,300.21397590637207,287.9806842803955,98177.05582682292,0.8592274983723959,-2.5585867166519165
2023-10-02,140.0,0.00024003508838759096,7.08401174371493e-05,0.038715592239884286,0.00016897082156362258,0.425,299.78787930806476,284.83376185099286,98297.24137369792,1.370648701985677,-2.2012904485066733
2023-10-03,164.0,0.00020641430340197973,5.5196067385466407e-05,0.036374028772100324,0.0011531710390759275,0.3755,299.6463877360026,285.410608291626,98370.89762369792,2.093708038330078,-2.2029035091400146
2023-10-04,177.0,-2.2504340449804236e-05,7.053310400803384e-05,0.03329627588389896,0.0012080690357828992,0.3205,299.83551088968915,288.4229818979899,98353.55647786458,2.0214405059814453,-2.1292371352513633
2023-10-06,213.0,0.00030135652565376717,8.678505992228768e-05,0.03458550572393862,6.680817317536523e-05,0.3545,300.69593175252277,287.9697964986165,98186.79671223958,0.744350790977478,-0.2050914764404297
2023-10-07,251.0,-2.1090323571106815e-05,8.075727964748007e-05,,0.00034004868939504547,0.408,302.0785668690999,291.92944463094074,98310.77164713542,0.82722540696462,-0.19785737991333008
2023-10-08,164.0,0.00012566789532769465,5.794084843484605e-05,,0.0001977209824922291,0.5275,303.15601285298663,291.11414527893066,98357.99886067708,2.3943424224853516,-0.20195960998535156
2023-10-09,193.0,0.00034397357376277803,7.565730629718457e-05,0.03696503838496231,0.00036908651236429105,0.508,303.1999905904134,290.15717697143555,98426.40006510417,2.1723620096842446,0.09349250793457031
2023-10-11,202.0,-1.5837411410750642e-05,7.47216836316195e-05,,,0.313,300.05384190877277,287.94667561848956,98648.953125,1.4407222270965576,-1.5975993076960247
2023-10-12,193.0,0.00017622011364430189,7.861338963263138e-05,0.042311208957197075,-0.00022329064086070154,0.4875,300.05841573079425,287.37557665507,98796.92740885417,0.6159441471099854,-0.6052322387695312
2023-10-13,257.0,0.0002847506621036406,9.691443847255408e-05,0.03994600847361783,-0.000642093771602687,0.5835,301.3207607269287,289.4950745900472,98798.97493489583,-0.06569671630859375,-0.24820391337076822
2023-10-14,233.0,0.0001201902123284018,7.71675840951176e-05,,-0.0005187006318008196,0.722,301.5150197347005,288.61634572347003,98714.69075520833,0.13074620564778647,-0.6131852467854818
2023-10-15,244.0,0.00022292668542457032,0.00012480845668845213,0.035286132246240956,-0.0003394304459653844,0.9985,300.2135690053304,289.3090349833171,98553.24967447917,0.5666548411051432,0.4359039068222046
2023-10-16,230.0,,,0.03272437676785993,,,298.38412221272785,291.2324097951253,98778.67220052083,-1.4191774129867554,0.23384730021158853
2023-10-17,107.0,,,,,,296.08069165547687,290.51179695129395,99070.37516276042,-0.5315456390380859,-0.571772297223409
2023-10-18,155.0,8.256905014787082e-05,8.732264489713288e-05,0.03694749251006471,0.00036927739132242476,0.44,296.31496810913086,287.7586269378662,99084.67333984375,1.949605941772461,-1.784554163614909
2023-10-19,146.0,0.00030960861477056465,8.88136491993998e-05,0.03888104483483577,0.000509359699208074,0.482,295.9127337137858,287.0676848093669,99078.31949869792,1.5147819519042969,-1.585295041402181
2023-10-20,240.0,0.0005589119391513487,0.00011389479914209645,0.036456096917375405,0.0010471811983729941,0.626,296.6057046254476,288.0860144297282,99106.07161458333,0.8238353729248047,-1.2878869374593098
2023-10-21,271.0,0.00047596966032849986,0.00013933175068808415,0.04461489635769075,0.0012179635232309317,1.007,296.7106590270996,288.0329399108887,99164.64860026042,-0.016287485758463543,-1.028805414835612
2023-10-22,336.0,0.0005264906189915836,0.00011663529041750458,,9.838010386704413e-05,1.778,297.2359504699707,288.55503527323407,99179.93489583333,0.5451259613037109,-1.127782146135966
2023-10-23,287.0,0.0003632707362669199,8.922240842373778e-05,,0.0006597633046687512,0.744,296.9036273956299,287.8093713124593,99011.53873697917,1.4978745778401692,-1.6949625809987385
2023-10-25,270.0,0.00018037827976506027,9.002018487077125e-05,,-0.0001028807891998005,0.9035,297.0895188649495,287.2854855855306,99049.42464192708,1.7610893249511719,-1.6232994000116985
2023-10-26,281.0,0.00047712287509573916,9.189596446420816e-05,0.04267861321566684,-0.0002713841800163984,0.68,296.75075403849286,285.45405832926434,98984.1376953125,1.8807862599690754,-1.619405706723531
2023-10-27,268.0,0.00029618863894186704,0.00011448059722850779,0.037757234057450934,0.000281189355935248,0.7805,297.1834964752197,284.02062288920087,98921.09749348958,0.8654225667317709,-1.1637988885243733
2023-10-28,348.0,0.0004840545298063943,0.00014894110790913213,,,1.054,297.5431435902913,286.06628735860187,98950.09879557292,0.5049902598063151,-0.1669865051905314
2023-10-29,358.0,0.0002598502211816767,0.00019950404773823451,0.04301351681349843,0.0003843746962449013,0.9475,298.25555992126465,287.60913530985516,98957.74739583333,-0.6160863240559896,-0.33078328768412274
2023-10-30,343.0,0.0002984115853904416,0.00022600802185469994,0.049512544795255464,0.0005355120520105183,1.1135,298.7710240681966,289.1365146636963,99044.71988932292,-0.6049296061197916,-0.7427575588226318
2023-10-31,356.0,0.0003734065297954055,0.0003950198575360529,,0.00043492756291993955,1.559,298.80093510945636,289.54649925231934,99177.64371744792,-1.063952128092448,-0.17388538519541422
2023-11-01,363.0,0.000637808640021561,0.0004511039587667167,0.059910826186767005,,1.258,298.54275703430176,289.5892333984375,99169.32584635417,-0.605475107828776,-0.6918203035990397
2023-11-02,435.0,0.00025329753407266455,,,,2.763,298.1308339436849,289.2690321604411,98976.1640625,0.941192110379537,-1.2889994382858276
2023-11-03,493.0,9.862238667168685e-05,0.00010159069643118779,,,,297.24336369832355,289.04932022094727,98794.97770182292,1.1680831909179688,-1.1952062447865803
2023-11-04,422.0,0.00025581003865216283,,,,,297.12252616882324,288.4169120788574,98853.34195963542,1.183743158976237,-1.0446479320526123
2023-11-05,487.0,0.0004264936724210217,7.297101547007157e-05,,-0.0006040481384841033,3.351,296.65990447998047,286.12024370829266,99024.73014322917,0.3481280008951823,-1.1938126881917317
2023-11-06,435.0,0.000424215017559414,0.0001619283430361621,0.05841653532518372,0.0001671852625789263,1.7835,296.2834186553955,285.59474118550617,99144.45442708333,-0.7896626790364584,-0.8055867354075114
2023-11-07,430.0,0.0002684182782467398,9.473965628615322e-05,,0.0003299030439188565,1.6965,297.02473068237305,286.6816762288411,99025.2421875,0.4330883026123047,-0.7948309580485026
2023-11-08,445.0,0.00023368469560657273,,0.05933085428384605,0.00029079989681504785,,296.7896137237549,286.8235492706299,98961.49381510417,0.9132308959960938,-1.1353658040364583
2023-11-09,466.0,1.472620169806137e-05,,,,2.432,296.92938868204754,286.065611521403,99002.45833333333,0.4828033447265625,-0.7869122823079427
2023-11-10,258.0,,,0.039864673562780256,,,295.0860144297282,288.70582326253253,99212.29248046875,-1.7299625873565674,-0.7400718927383423
2023-11-11,242.0,0.00010813988774311813,6.07187830609944e-05,0.043460540022911096,-1.0891846613953872e-05,0.7965,293.3820101420085,286.49154980977374,99390.12239583333,1.34967835744222,-1.835884650548299
2023-11-12,256.0,0.00030846241294502617,8.575157154889307e-05,0.03862728491943837,0.00044962117201076044,0.559,293.23153432210285,286.14610290527344,99363.57877604167,1.8805195887883503,-1.1338209708531697
2023-11-13,377.0,0.00015252738745960976,,0.054561171680665786,,2.735,293.48302205403644,285.75561968485516,99358.61100260417,0.2282098134358724,-1.4014799197514851
2023-11-14,434.0,0.0005608517676589501,0.00011865920532722596,,,,293.3369483947754,285.42362848917645,99316.47428385417,0.9845784505208334,-1.3057448069254558
2023-11-15,416.0,0.00018939429806938686,7.576350336974649e-05,0.0468193031847279,0.00038385245572748137,1.9825,292.84904861450195,285.64734077453613,99282.2890625,1.1316404740015666,-1.318831205368042
2023-11-16,446.0,0.0002845086273736049,7.657503010701876e-05,0.05986385792491289,0.00029103597626077744,2.741,294.15503184000653,286.73094367980957,99394.51888020833,-0.44107691446940106,-0.3737538655598958
2023-11-17,467.0,0.0005346168406262267,0.00031350082399875506,0.05579700693485762,0.0003377746811222081,1.9845,294.40262603759766,287.03895378112793,99285.0400390625,0.34324010213216144,-0.08895683288574219
2023-11-18,356.0,0.0004319317048856859,0.0002434760220552155,,0.0004975040667496931,1.04,294.14121945699054,286.41601371765137,99188.43343098958,0.3844674428304036,0.8167450825373331
2023-11-19,331.0,0.00026357455109371085,0.0001667808038281986,0.04640667326746409,,2.129,293.28321266174316,285.9673048655192,99302.56070963542,-0.7238157192866007,0.5564448038736979
2023-11-20,387.0,0.0003046807903388714,9.171231007851934e-05,,0.0005361586430106091,1.9535,293.2104040781657,286.02672640482587,99299.51448567708,1.1577949523925781,-1.0274018049240112
2023-11-21,391.0,0.0001716501428744961,5.963474541201528e-05,,-6.430131179510691e-05,2.038,292.69361623128253,284.1026732126872,99136.03434244792,2.36871866385142,-1.3836426734924316
2023-11-22,413.0,0.0004048665869048016,7.376429130087281e-05,,0.00018152566917698605,2.0685,291.9740746815999,283.73697090148926,98984.14388020833,2.2766464153925576,-0.6507886250813802
2023-11-23,402.0,0.000254188926191893,0.00020248343935227772,,,1.6735,292.14888254801434,284.68689346313477,98990.30192057292,-0.8400828043619791,0.6638075510660807
2023-11-24,414.0,,,,,1.987,292.5307032267253,285.53355407714844,99202.57552083333,0.22633099555969238,-1.085105260213216
2023-11-26,392.0,,,,,,293.421599706014,286.1903711954753,99290.64615885417,-1.497725248336792,0.8415143489837646
2023-11-27,398.0,-7.801910903336747e-05,0.0001646037516139934,0.048161480575779576,-0.0006442157718471569,,292.1498394012451,287.179474512736,99122.36507161458,-1.9025459289550781,0.6158005396525065
2023-11-28,314.0,,,,,,291.30438168843585,287.7308890024821,99089.26253255208,-1.2289365132649739,-0.8712387084960938
2023-11-29,309.0,,,,,,292.3332271575928,288.11206372578937,99131.11295572917,-0.9931144714355469,-0.23687342802683511
2023-11-30,407.0,,,0.04224427230654361,,3.295,292.105775197347,288.5266195933024,99237.04752604167,-0.9645442962646484,-0.8164976040522257
2023-12-01,396.0,,,0.04922499880192582,,2.658,292.51612599690753,288.3847942352295,99238.65348307292,0.5977802276611328,-1.5561689138412476
2023-12-02,385.0,9.696908584509763e-05,0.00011708677760933185,0.04649404436347902,-0.00016409233837893825,,291.7226740519206,286.736275990804,99305.31494140625,0.4795633951822917,-1.6263436873753865
2023-12-03,323.0,0.0002940270060206451,0.0005888059386049701,0.04887368902561982,-0.000673990580253018,0.884,292.52298100789386,286.0042896270752,99298.05192057292,0.09326616923014323,-0.9575186967849731
2023-12-04,347.0,0.00032634969102204945,,0.049718648363400855,,2.334,291.06719334920246,285.27031962076825,99218.34505208333,0.06992149353027344,-1.7136382659276326
2023-12-05,339.0,0.00018673941088270406,8.422339888957942e-05,0.0414948351681057,,0.7335,290.3508771260579,283.6385389963786,99166.63525390625,1.247601826985677,-1.7090435028076172
2023-12-06,304.0,0.00026845946558739814,0.00011822115629906423,0.04088294427166746,9.834037336982353e-05,0.514,290.110320409139,283.8405984242757,99200.78792317708,0.8843714396158854,-1.3588015238444011
2023-12-07,322.0,0.00016001705800342445,0.00012727893761410805,,0.00046173822176048314,1.105,290.72171147664386,284.28900146484375,99111.47639973958,1.5943050384521484,-1.0728130340576172
2023-12-08,338.0,0.0002522034046704746,8.886837167661604e-05,0.04042925669012624,0.0005991199286652058,0.7165,290.02392768859863,283.3211154937744,99105.37630208333,2.100494384765625,-1.1440035502115886
2023-12-09,336.0,0.00024474234150121137,8.496391724177791e-05,0.04155600816009671,-0.00016177717814943183,0.6925,289.7049020131429,282.38117027282715,99166.78515625,2.317389170328776,-1.3096049626668294
2023-12-10,333.0,0.00028878084509631913,6.48385854300721e-05,0.04084418431015864,-8.064145714792958e-05,0.8105,289.07013575236004,281.8289915720622,99018.22005208333,2.6962263186772666,-0.9269852240880331
2023-12-11,348.0,0.0002715456357690289,0.00011172080121464028,0.04112086445091416,-0.000965623359661141,0.5935,288.60086758931476,281.8426971435547,99077.75895182292,-0.2987346649169922,-0.07990741729736328
2023-12-12,341.0,0.00015002081571532228,0.00010775876564917582,,-0.00030417502346559395,0.9355,289.5451202392578,282.86501185099286,99018.21077473958,-1.365146001180013,0.15369669596354166
2023-12-13,375.0,0.0007342894095924372,0.00013699881674250383,0.04409412667153401,0.0007612468325529754,0.972,289.6908810933431,282.62987391153973,99229.85123697917,0.2603575388590495,-1.2895774841308594
2023-12-14,343.0,-1.2866584376476698e-05,0.0001611759705493348,,0.001237997304517813,,288.48521614074707,281.26877784729004,99308.64404296875,2.243321100870768,-0.9799505869547526
2023-12-15,338.0,0.00011819376959460446,0.00036906357854589114,,0.000320359598845108,0.61,288.6948839823405,281.6775582631429,99373.90852864583,0.5272210439046224,-1.0821189483006795
2023-12-16,367.0,0.00039543314760208533,0.00016625169583414548,0.04271924425937591,0.0015478784846768064,0.64,288.9825693766276,281.1030025482178,99243.42578125,0.5053951342900594,-1.4297661383946736
2023-12-17,364.0,0.00010408423986514354,8.321853238154408e-05,0.04484767466781627,-1.9299297491662424e-05,0.7635,289.0492407480876,281.82737414042157,99405.92594401042,1.2051441669464111,-1.8828994830449421
2023-12-18,371.0,0.0003393131048195233,0.00010121571387831676,0.04559914022682169,0.0007038759900013491,0.7415,288.15159861246747,280.3079776763916,99524.25895182292,2.8237215677897134,-1.6657513777414958
2023-12-19,306.0,5.3767958888761317e-05,8.462141704509182e-05,0.039590157568438,0.0012569576501840999,0.4535,288.11423746744794,279.3420181274414,99518.85498046875,2.8268341223398843,-1.27517569065094
2023-12-20,304.0,0.0004110005992157193,0.00013150495412941903,,-0.00019395028669776196,0.469,287.92340151468915,280.7786115010579,99446.51822916667,1.8186181783676147,-1.0936640898386638
2023-12-21,359.0,0.00011961361451535084,0.0001271083674509472,0.044487807899694705,,1.109,287.7673225402832,281.41506004333496,99292.6748046875,1.58970046043396,-1.1487077077229817
2023-12-22,395.0,0.00016546923099296804,0.00046590560604772434,,0.0018013969264593155,1.505,288.0109462738037,281.8132616678874,99303.1923828125,-0.22437349955240884,-0.7996228535970052
2023-12-23,457.0,0.0005062175332566446,0.00017713134002398658,0.05057824403045423,0.000607045600190502,1.8125,289.03416951497394,283.3674437204997,99551.92789713542,-1.2288907368977864,0.03846867879231771
2023-12-24,433.0,0.0004195198998784735,0.0002577549894339246,0.058266349136804736,0.0002723237557801198,1.196,289.3445046742757,283.5886573791504,99612.02718098958,0.8138465881347656,-1.1036088466644287
2023-12-25,386.0,-6.498369712296177e-05,0.00014377513393974326,0.04274060204623322,0.0016295072022877674,0.676,289.0379778544108,283.29726155598956,99439.2080078125,1.5525013208389282,-1.288950761159261
2023-12-26,395.0,0.0004358675796536748,0.00024918554117892575,,0.00048053651698844673,,288.8283526102702,282.833199818929,99456.61116536458,0.12806951999664307,-0.942685604095459
2023-12-27,426.0,,,0.04007458314297889,,,288.8016236623128,283.6755002339681,99552.23404947917,0.7938434680302938,-1.4573046366373699
2023-12-28,366.0,0.0005608308764104121,0.0001744143636193498,0.04517736658452031,-0.00021245371116225865,0.837,286.4604320526123,283.9583994547526,99461.81819661458,-0.046302199363708496,-1.1379222869873047
2023-12-29,400.0,0.00034824348404057496,0.0003084312775170989,0.04521652311084742,-0.0007571838796135562,1.474,285.4139010111491,283.6009438832601,99503.00455729167,-0.5292860666910807,-0.6191546122233073
2023-12-30,414.0,5.7474226196039376e-05,0.001118422136641566,,-0.0008415200863961297,,285.0632724761963,283.0933437347412,99376.40885416667,-0.005077362060546875,-0.7122611999511719
2023-12-31,418.0,,,,,,285.13442929585773,282.3447202046712,99390.40592447917,-0.3438911437988281,-0.8716370264689127
